<?xml version="1.0" encoding="UTF-8"?>
<project-private xmlns="http://www.netbeans.org/ns/project-private/1">
    <editor-bookmarks xmlns="http://www.netbeans.org/ns/editor-bookmarks/2" lastBookmarkId="0"/>
    <open-files xmlns="http://www.netbeans.org/ns/projectui-open-files/2">
        <group>
            <file>file:/C:/Users/Hridoy/OneDrive/Documents/NetBeansProjects/APBN/src/LeaveApplication.fxml</file>
            <file>file:/C:/Users/Hridoy/OneDrive/Documents/NetBeansProjects/APBN/src/EidBonous.fxml</file>
            <file>file:/C:/Users/Hridoy/OneDrive/Documents/NetBeansProjects/APBN/src/YearlyBalanceSheet.java</file>
            <file>file:/C:/Users/Hridoy/OneDrive/Documents/NetBeansProjects/APBN/src/LeaveApplicationController.java</file>
            <file>file:/C:/Users/Hridoy/OneDrive/Documents/NetBeansProjects/APBN/src/TaxReport.fxml</file>
            <file>file:/C:/Users/Hridoy/OneDrive/Documents/NetBeansProjects/APBN/src/YearlyBalanceSheet.fxml</file>
            <file>file:/C:/Users/Hridoy/OneDrive/Documents/NetBeansProjects/APBN/src/ProjectBudget.fxml</file>
            <file>file:/C:/Users/Hridoy/OneDrive/Documents/NetBeansProjects/APBN/src/TaxReport.java</file>
            <file>file:/C:/Users/Hridoy/OneDrive/Documents/NetBeansProjects/APBN/src/Sallarry.java</file>
            <file>file:/C:/Users/Hridoy/OneDrive/Documents/NetBeansProjects/APBN/src/EidBonousController.java</file>
            <file>file:/C:/Users/Hridoy/OneDrive/Documents/NetBeansProjects/APBN/src/Salarry.fxml</file>
            <file>file:/C:/Users/Hridoy/OneDrive/Documents/NetBeansProjects/APBN/src/LeaveApplication.java</file>
        </group>
    </open-files>
</project-private>
